<annotation>
	<folder>images</folder>
	<filename>videoplayback0802.jpg</filename>
	<path>/home/draget/w251/MIDS_HW8/images/videoplayback0802.jpg</path>
	<source>
		<database>Unknown</database>
	</source>
	<size>
		<width>1000</width>
		<height>563</height>
		<depth>3</depth>
	</size>
	<segmented>0</segmented>
	<object>
		<name>Millenium Falcon</name>
		<pose>Unspecified</pose>
		<truncated>0</truncated>
		<difficult>0</difficult>
		<bndbox>
			<xmin>275</xmin>
			<ymin>229</ymin>
			<xmax>729</xmax>
			<ymax>351</ymax>
		</bndbox>
	</object>
	<object>
		<name>TIE Fighter</name>
		<pose>Unspecified</pose>
		<truncated>0</truncated>
		<difficult>0</difficult>
		<bndbox>
			<xmin>127</xmin>
			<ymin>179</ymin>
			<xmax>146</xmax>
			<ymax>198</ymax>
		</bndbox>
	</object>
</annotation>
