<annotation>
	<folder>images</folder>
	<filename>videoplayback6638.jpg</filename>
	<path>/home/draget/w251/MIDS_HW8/images/videoplayback6638.jpg</path>
	<source>
		<database>Unknown</database>
	</source>
	<size>
		<width>1000</width>
		<height>563</height>
		<depth>3</depth>
	</size>
	<segmented>0</segmented>
	<object>
		<name>Millenium Falcon</name>
		<pose>Unspecified</pose>
		<truncated>0</truncated>
		<difficult>0</difficult>
		<bndbox>
			<xmin>344</xmin>
			<ymin>240</ymin>
			<xmax>454</xmax>
			<ymax>268</ymax>
		</bndbox>
	</object>
</annotation>
