<annotation>
	<folder>images</folder>
	<filename>videoplayback4931.jpg</filename>
	<path>/home/draget/w251/MIDS_HW8/images/videoplayback4931.jpg</path>
	<source>
		<database>Unknown</database>
	</source>
	<size>
		<width>1000</width>
		<height>563</height>
		<depth>3</depth>
	</size>
	<segmented>0</segmented>
	<object>
		<name>TIE Fighter</name>
		<pose>Unspecified</pose>
		<truncated>0</truncated>
		<difficult>0</difficult>
		<bndbox>
			<xmin>644</xmin>
			<ymin>206</ymin>
			<xmax>748</xmax>
			<ymax>315</ymax>
		</bndbox>
	</object>
	<object>
		<name>Millenium Falcon</name>
		<pose>Unspecified</pose>
		<truncated>1</truncated>
		<difficult>0</difficult>
		<bndbox>
			<xmin>1</xmin>
			<ymin>73</ymin>
			<xmax>995</xmax>
			<ymax>253</ymax>
		</bndbox>
	</object>
</annotation>
