<annotation>
	<folder>images</folder>
	<filename>videoplayback0814.jpg</filename>
	<path>/home/draget/w251/MIDS_HW8/images/videoplayback0814.jpg</path>
	<source>
		<database>Unknown</database>
	</source>
	<size>
		<width>1000</width>
		<height>563</height>
		<depth>3</depth>
	</size>
	<segmented>0</segmented>
	<object>
		<name>TIE Fighter</name>
		<pose>Unspecified</pose>
		<truncated>0</truncated>
		<difficult>0</difficult>
		<bndbox>
			<xmin>226</xmin>
			<ymin>176</ymin>
			<xmax>243</xmax>
			<ymax>190</ymax>
		</bndbox>
	</object>
	<object>
		<name>Millenium Falcon</name>
		<pose>Unspecified</pose>
		<truncated>0</truncated>
		<difficult>0</difficult>
		<bndbox>
			<xmin>271</xmin>
			<ymin>228</ymin>
			<xmax>737</xmax>
			<ymax>340</ymax>
		</bndbox>
	</object>
</annotation>
