<annotation>
	<folder>images</folder>
	<filename>videoplayback4166.jpg</filename>
	<path>/home/draget/w251/MIDS_HW8/images/videoplayback4166.jpg</path>
	<source>
		<database>Unknown</database>
	</source>
	<size>
		<width>1000</width>
		<height>563</height>
		<depth>3</depth>
	</size>
	<segmented>0</segmented>
	<object>
		<name>Millenium Falcon</name>
		<pose>Unspecified</pose>
		<truncated>0</truncated>
		<difficult>0</difficult>
		<bndbox>
			<xmin>576</xmin>
			<ymin>189</ymin>
			<xmax>703</xmax>
			<ymax>243</ymax>
		</bndbox>
	</object>
	<object>
		<name>TIE Fighter</name>
		<pose>Unspecified</pose>
		<truncated>0</truncated>
		<difficult>0</difficult>
		<bndbox>
			<xmin>631</xmin>
			<ymin>234</ymin>
			<xmax>686</xmax>
			<ymax>298</ymax>
		</bndbox>
	</object>
</annotation>
