<annotation>
	<folder>images</folder>
	<filename>videoplayback4925.jpg</filename>
	<path>/home/draget/w251/MIDS_HW8/images/videoplayback4925.jpg</path>
	<source>
		<database>Unknown</database>
	</source>
	<size>
		<width>1000</width>
		<height>563</height>
		<depth>3</depth>
	</size>
	<segmented>0</segmented>
	<object>
		<name>TIE Fighter</name>
		<pose>Unspecified</pose>
		<truncated>0</truncated>
		<difficult>0</difficult>
		<bndbox>
			<xmin>589</xmin>
			<ymin>248</ymin>
			<xmax>671</xmax>
			<ymax>342</ymax>
		</bndbox>
	</object>
	<object>
		<name>Millenium Falcon</name>
		<pose>Unspecified</pose>
		<truncated>1</truncated>
		<difficult>0</difficult>
		<bndbox>
			<xmin>1</xmin>
			<ymin>74</ymin>
			<xmax>999</xmax>
			<ymax>280</ymax>
		</bndbox>
	</object>
</annotation>
