<annotation>
	<folder>images</folder>
	<filename>videoplayback4610.jpg</filename>
	<path>/home/draget/w251/MIDS_HW8/images/videoplayback4610.jpg</path>
	<source>
		<database>Unknown</database>
	</source>
	<size>
		<width>1000</width>
		<height>563</height>
		<depth>3</depth>
	</size>
	<segmented>0</segmented>
	<object>
		<name>TIE Fighter</name>
		<pose>Unspecified</pose>
		<truncated>0</truncated>
		<difficult>0</difficult>
		<bndbox>
			<xmin>383</xmin>
			<ymin>157</ymin>
			<xmax>482</xmax>
			<ymax>277</ymax>
		</bndbox>
	</object>
	<object>
		<name>Millenium Falcon</name>
		<pose>Unspecified</pose>
		<truncated>0</truncated>
		<difficult>0</difficult>
		<bndbox>
			<xmin>280</xmin>
			<ymin>164</ymin>
			<xmax>469</xmax>
			<ymax>228</ymax>
		</bndbox>
	</object>
</annotation>
