<annotation>
	<folder>images</folder>
	<filename>videoplayback4178.jpg</filename>
	<path>/home/draget/w251/MIDS_HW8/images/videoplayback4178.jpg</path>
	<source>
		<database>Unknown</database>
	</source>
	<size>
		<width>1000</width>
		<height>563</height>
		<depth>3</depth>
	</size>
	<segmented>0</segmented>
	<object>
		<name>TIE Fighter</name>
		<pose>Unspecified</pose>
		<truncated>0</truncated>
		<difficult>0</difficult>
		<bndbox>
			<xmin>642</xmin>
			<ymin>198</ymin>
			<xmax>710</xmax>
			<ymax>263</ymax>
		</bndbox>
	</object>
	<object>
		<name>Millenium Falcon</name>
		<pose>Unspecified</pose>
		<truncated>0</truncated>
		<difficult>0</difficult>
		<bndbox>
			<xmin>541</xmin>
			<ymin>177</ymin>
			<xmax>634</xmax>
			<ymax>269</ymax>
		</bndbox>
	</object>
</annotation>
