<annotation>
	<folder>images</folder>
	<filename>videoplayback6203.jpg</filename>
	<path>/home/draget/w251/MIDS_HW8/images/videoplayback6203.jpg</path>
	<source>
		<database>Unknown</database>
	</source>
	<size>
		<width>1000</width>
		<height>563</height>
		<depth>3</depth>
	</size>
	<segmented>0</segmented>
	<object>
		<name>TIE Fighter</name>
		<pose>Unspecified</pose>
		<truncated>0</truncated>
		<difficult>0</difficult>
		<bndbox>
			<xmin>369</xmin>
			<ymin>118</ymin>
			<xmax>469</xmax>
			<ymax>221</ymax>
		</bndbox>
	</object>
</annotation>
