<annotation>
	<folder>images</folder>
	<filename>videoplayback2704.jpg</filename>
	<path>/home/draget/w251/MIDS_HW8/images/videoplayback2704.jpg</path>
	<source>
		<database>Unknown</database>
	</source>
	<size>
		<width>1000</width>
		<height>563</height>
		<depth>3</depth>
	</size>
	<segmented>0</segmented>
	<object>
		<name>Millenium Falcon</name>
		<pose>Unspecified</pose>
		<truncated>0</truncated>
		<difficult>0</difficult>
		<bndbox>
			<xmin>365</xmin>
			<ymin>73</ymin>
			<xmax>999</xmax>
			<ymax>490</ymax>
		</bndbox>
	</object>
	<object>
		<name>TIE Fighter</name>
		<pose>Unspecified</pose>
		<truncated>0</truncated>
		<difficult>0</difficult>
		<bndbox>
			<xmin>163</xmin>
			<ymin>281</ymin>
			<xmax>213</xmax>
			<ymax>328</ymax>
		</bndbox>
	</object>
	<object>
		<name>TIE Fighter</name>
		<pose>Unspecified</pose>
		<truncated>0</truncated>
		<difficult>0</difficult>
		<bndbox>
			<xmin>137</xmin>
			<ymin>321</ymin>
			<xmax>173</xmax>
			<ymax>360</ymax>
		</bndbox>
	</object>
</annotation>
