<annotation>
	<folder>images</folder>
	<filename>videoplayback2918.jpg</filename>
	<path>/home/draget/w251/MIDS_HW8/images/videoplayback2918.jpg</path>
	<source>
		<database>Unknown</database>
	</source>
	<size>
		<width>1000</width>
		<height>563</height>
		<depth>3</depth>
	</size>
	<segmented>0</segmented>
	<object>
		<name>TIE Fighter</name>
		<pose>Unspecified</pose>
		<truncated>0</truncated>
		<difficult>0</difficult>
		<bndbox>
			<xmin>545</xmin>
			<ymin>316</ymin>
			<xmax>622</xmax>
			<ymax>407</ymax>
		</bndbox>
	</object>
	<object>
		<name>Millenium Falcon</name>
		<pose>Unspecified</pose>
		<truncated>0</truncated>
		<difficult>0</difficult>
		<bndbox>
			<xmin>71</xmin>
			<ymin>74</ymin>
			<xmax>799</xmax>
			<ymax>279</ymax>
		</bndbox>
	</object>
</annotation>
