<annotation>
	<folder>images</folder>
	<filename>videoplayback4598.jpg</filename>
	<path>/home/draget/w251/MIDS_HW8/images/videoplayback4598.jpg</path>
	<source>
		<database>Unknown</database>
	</source>
	<size>
		<width>1000</width>
		<height>563</height>
		<depth>3</depth>
	</size>
	<segmented>0</segmented>
	<object>
		<name>TIE Fighter</name>
		<pose>Unspecified</pose>
		<truncated>0</truncated>
		<difficult>0</difficult>
		<bndbox>
			<xmin>295</xmin>
			<ymin>74</ymin>
			<xmax>559</xmax>
			<ymax>378</ymax>
		</bndbox>
	</object>
	<object>
		<name>Millenium Falcon</name>
		<pose>Unspecified</pose>
		<truncated>0</truncated>
		<difficult>0</difficult>
		<bndbox>
			<xmin>473</xmin>
			<ymin>102</ymin>
			<xmax>670</xmax>
			<ymax>290</ymax>
		</bndbox>
	</object>
</annotation>
