<annotation>
	<folder>images</folder>
	<filename>videoplayback5741.jpg</filename>
	<path>/home/draget/w251/MIDS_HW8/images/videoplayback5741.jpg</path>
	<source>
		<database>Unknown</database>
	</source>
	<size>
		<width>1000</width>
		<height>563</height>
		<depth>3</depth>
	</size>
	<segmented>0</segmented>
	<object>
		<name>Millenium Falcon</name>
		<pose>Unspecified</pose>
		<truncated>0</truncated>
		<difficult>0</difficult>
		<bndbox>
			<xmin>610</xmin>
			<ymin>245</ymin>
			<xmax>746</xmax>
			<ymax>400</ymax>
		</bndbox>
	</object>
	<object>
		<name>TIE Fighter</name>
		<pose>Unspecified</pose>
		<truncated>1</truncated>
		<difficult>0</difficult>
		<bndbox>
			<xmin>1</xmin>
			<ymin>73</ymin>
			<xmax>258</xmax>
			<ymax>363</ymax>
		</bndbox>
	</object>
</annotation>
