<annotation>
	<folder>images</folder>
	<filename>videoplayback4865.jpg</filename>
	<path>/home/draget/w251/MIDS_HW8/images/videoplayback4865.jpg</path>
	<source>
		<database>Unknown</database>
	</source>
	<size>
		<width>1000</width>
		<height>563</height>
		<depth>3</depth>
	</size>
	<segmented>0</segmented>
	<object>
		<name>Millenium Falcon</name>
		<pose>Unspecified</pose>
		<truncated>0</truncated>
		<difficult>0</difficult>
		<bndbox>
			<xmin>293</xmin>
			<ymin>126</ymin>
			<xmax>950</xmax>
			<ymax>386</ymax>
		</bndbox>
	</object>
	<object>
		<name>TIE Fighter</name>
		<pose>Unspecified</pose>
		<truncated>0</truncated>
		<difficult>0</difficult>
		<bndbox>
			<xmin>395</xmin>
			<ymin>349</ymin>
			<xmax>578</xmax>
			<ymax>460</ymax>
		</bndbox>
	</object>
</annotation>
