<annotation>
	<folder>images</folder>
	<filename>videoplayback5310.jpg</filename>
	<path>/home/draget/w251/MIDS_HW8/images/videoplayback5310.jpg</path>
	<source>
		<database>Unknown</database>
	</source>
	<size>
		<width>1000</width>
		<height>563</height>
		<depth>3</depth>
	</size>
	<segmented>0</segmented>
	<object>
		<name>Millenium Falcon</name>
		<pose>Unspecified</pose>
		<truncated>0</truncated>
		<difficult>0</difficult>
		<bndbox>
			<xmin>195</xmin>
			<ymin>223</ymin>
			<xmax>263</xmax>
			<ymax>341</ymax>
		</bndbox>
	</object>
	<object>
		<name>TIE Fighter</name>
		<pose>Unspecified</pose>
		<truncated>0</truncated>
		<difficult>0</difficult>
		<bndbox>
			<xmin>327</xmin>
			<ymin>153</ymin>
			<xmax>352</xmax>
			<ymax>178</ymax>
		</bndbox>
	</object>
</annotation>
