<annotation>
	<folder>images</folder>
	<filename>videoplayback5508.jpg</filename>
	<path>/home/draget/w251/MIDS_HW8/images/videoplayback5508.jpg</path>
	<source>
		<database>Unknown</database>
	</source>
	<size>
		<width>1000</width>
		<height>563</height>
		<depth>3</depth>
	</size>
	<segmented>0</segmented>
	<object>
		<name>TIE Fighter</name>
		<pose>Unspecified</pose>
		<truncated>0</truncated>
		<difficult>0</difficult>
		<bndbox>
			<xmin>405</xmin>
			<ymin>277</ymin>
			<xmax>454</xmax>
			<ymax>323</ymax>
		</bndbox>
	</object>
	<object>
		<name>Millenium Falcon</name>
		<pose>Unspecified</pose>
		<truncated>0</truncated>
		<difficult>0</difficult>
		<bndbox>
			<xmin>492</xmin>
			<ymin>280</ymin>
			<xmax>519</xmax>
			<ymax>295</ymax>
		</bndbox>
	</object>
</annotation>
