<annotation>
	<folder>images</folder>
	<filename>videoplayback3786.jpg</filename>
	<path>/home/draget/w251/MIDS_HW8/images/videoplayback3786.jpg</path>
	<source>
		<database>Unknown</database>
	</source>
	<size>
		<width>1000</width>
		<height>563</height>
		<depth>3</depth>
	</size>
	<segmented>0</segmented>
	<object>
		<name>TIE Fighter</name>
		<pose>Unspecified</pose>
		<truncated>0</truncated>
		<difficult>0</difficult>
		<bndbox>
			<xmin>411</xmin>
			<ymin>264</ymin>
			<xmax>489</xmax>
			<ymax>336</ymax>
		</bndbox>
	</object>
	<object>
		<name>Millenium Falcon</name>
		<pose>Unspecified</pose>
		<truncated>0</truncated>
		<difficult>0</difficult>
		<bndbox>
			<xmin>559</xmin>
			<ymin>326</ymin>
			<xmax>603</xmax>
			<ymax>351</ymax>
		</bndbox>
	</object>
</annotation>
