<annotation>
	<folder>images</folder>
	<filename>videoplayback5735.jpg</filename>
	<path>/home/draget/w251/MIDS_HW8/images/videoplayback5735.jpg</path>
	<source>
		<database>Unknown</database>
	</source>
	<size>
		<width>1000</width>
		<height>563</height>
		<depth>3</depth>
	</size>
	<segmented>0</segmented>
	<object>
		<name>Millenium Falcon</name>
		<pose>Unspecified</pose>
		<truncated>0</truncated>
		<difficult>0</difficult>
		<bndbox>
			<xmin>593</xmin>
			<ymin>290</ymin>
			<xmax>743</xmax>
			<ymax>415</ymax>
		</bndbox>
	</object>
	<object>
		<name>TIE Fighter</name>
		<pose>Unspecified</pose>
		<truncated>0</truncated>
		<difficult>0</difficult>
		<bndbox>
			<xmin>24</xmin>
			<ymin>90</ymin>
			<xmax>400</xmax>
			<ymax>430</ymax>
		</bndbox>
	</object>
</annotation>
