<annotation>
	<folder>images</folder>
	<filename>videoplayback4859.jpg</filename>
	<path>/home/draget/w251/MIDS_HW8/images/videoplayback4859.jpg</path>
	<source>
		<database>Unknown</database>
	</source>
	<size>
		<width>1000</width>
		<height>563</height>
		<depth>3</depth>
	</size>
	<segmented>0</segmented>
	<object>
		<name>Millenium Falcon</name>
		<pose>Unspecified</pose>
		<truncated>0</truncated>
		<difficult>0</difficult>
		<bndbox>
			<xmin>144</xmin>
			<ymin>103</ymin>
			<xmax>855</xmax>
			<ymax>316</ymax>
		</bndbox>
	</object>
	<object>
		<name>TIE Fighter</name>
		<pose>Unspecified</pose>
		<truncated>0</truncated>
		<difficult>0</difficult>
		<bndbox>
			<xmin>382</xmin>
			<ymin>72</ymin>
			<xmax>619</xmax>
			<ymax>130</ymax>
		</bndbox>
	</object>
</annotation>
