<annotation>
	<folder>images</folder>
	<filename>videoplayback6074.jpg</filename>
	<path>/home/draget/w251/MIDS_HW8/images/videoplayback6074.jpg</path>
	<source>
		<database>Unknown</database>
	</source>
	<size>
		<width>1000</width>
		<height>563</height>
		<depth>3</depth>
	</size>
	<segmented>0</segmented>
	<object>
		<name>TIE Fighter</name>
		<pose>Unspecified</pose>
		<truncated>0</truncated>
		<difficult>0</difficult>
		<bndbox>
			<xmin>257</xmin>
			<ymin>302</ymin>
			<xmax>290</xmax>
			<ymax>334</ymax>
		</bndbox>
	</object>
	<object>
		<name>Millenium Falcon</name>
		<pose>Unspecified</pose>
		<truncated>0</truncated>
		<difficult>0</difficult>
		<bndbox>
			<xmin>514</xmin>
			<ymin>219</ymin>
			<xmax>588</xmax>
			<ymax>330</ymax>
		</bndbox>
	</object>
</annotation>
