<annotation>
	<folder>images</folder>
	<filename>videoplayback0838.jpg</filename>
	<path>/home/draget/w251/MIDS_HW8/images/videoplayback0838.jpg</path>
	<source>
		<database>Unknown</database>
	</source>
	<size>
		<width>1000</width>
		<height>563</height>
		<depth>3</depth>
	</size>
	<segmented>0</segmented>
	<object>
		<name>TIE Fighter</name>
		<pose>Unspecified</pose>
		<truncated>0</truncated>
		<difficult>0</difficult>
		<bndbox>
			<xmin>158</xmin>
			<ymin>115</ymin>
			<xmax>173</xmax>
			<ymax>129</ymax>
		</bndbox>
	</object>
	<object>
		<name>TIE Fighter</name>
		<pose>Unspecified</pose>
		<truncated>0</truncated>
		<difficult>0</difficult>
		<bndbox>
			<xmin>416</xmin>
			<ymin>171</ymin>
			<xmax>429</xmax>
			<ymax>188</ymax>
		</bndbox>
	</object>
	<object>
		<name>Millenium Falcon</name>
		<pose>Unspecified</pose>
		<truncated>0</truncated>
		<difficult>0</difficult>
		<bndbox>
			<xmin>274</xmin>
			<ymin>216</ymin>
			<xmax>733</xmax>
			<ymax>336</ymax>
		</bndbox>
	</object>
</annotation>
