<annotation>
	<folder>images</folder>
	<filename>videoplayback3476.jpg</filename>
	<path>/home/draget/w251/MIDS_HW8/images/videoplayback3476.jpg</path>
	<source>
		<database>Unknown</database>
	</source>
	<size>
		<width>1000</width>
		<height>563</height>
		<depth>3</depth>
	</size>
	<segmented>0</segmented>
	<object>
		<name>Millenium Falcon</name>
		<pose>Unspecified</pose>
		<truncated>0</truncated>
		<difficult>0</difficult>
		<bndbox>
			<xmin>337</xmin>
			<ymin>246</ymin>
			<xmax>467</xmax>
			<ymax>285</ymax>
		</bndbox>
	</object>
	<object>
		<name>TIE Fighter</name>
		<pose>Unspecified</pose>
		<truncated>0</truncated>
		<difficult>0</difficult>
		<bndbox>
			<xmin>80</xmin>
			<ymin>177</ymin>
			<xmax>235</xmax>
			<ymax>330</ymax>
		</bndbox>
	</object>
	<object>
		<name>TIE Fighter</name>
		<pose>Unspecified</pose>
		<truncated>0</truncated>
		<difficult>0</difficult>
		<bndbox>
			<xmin>690</xmin>
			<ymin>177</ymin>
			<xmax>999</xmax>
			<ymax>490</ymax>
		</bndbox>
	</object>
</annotation>
