<annotation>
	<folder>images</folder>
	<filename>videoplayback4449.jpg</filename>
	<path>/home/draget/w251/MIDS_HW8/images/videoplayback4449.jpg</path>
	<source>
		<database>Unknown</database>
	</source>
	<size>
		<width>1000</width>
		<height>563</height>
		<depth>3</depth>
	</size>
	<segmented>0</segmented>
	<object>
		<name>TIE Fighter</name>
		<pose>Unspecified</pose>
		<truncated>0</truncated>
		<difficult>0</difficult>
		<bndbox>
			<xmin>900</xmin>
			<ymin>273</ymin>
			<xmax>933</xmax>
			<ymax>308</ymax>
		</bndbox>
	</object>
	<object>
		<name>Millenium Falcon</name>
		<pose>Unspecified</pose>
		<truncated>0</truncated>
		<difficult>0</difficult>
		<bndbox>
			<xmin>467</xmin>
			<ymin>285</ymin>
			<xmax>548</xmax>
			<ymax>358</ymax>
		</bndbox>
	</object>
</annotation>
