<annotation>
	<folder>images</folder>
	<filename>videoplayback5538.jpg</filename>
	<path>/home/draget/w251/MIDS_HW8/images/videoplayback5538.jpg</path>
	<source>
		<database>Unknown</database>
	</source>
	<size>
		<width>1000</width>
		<height>563</height>
		<depth>3</depth>
	</size>
	<segmented>0</segmented>
	<object>
		<name>TIE Fighter</name>
		<pose>Unspecified</pose>
		<truncated>0</truncated>
		<difficult>0</difficult>
		<bndbox>
			<xmin>301</xmin>
			<ymin>275</ymin>
			<xmax>347</xmax>
			<ymax>327</ymax>
		</bndbox>
	</object>
	<object>
		<name>Millenium Falcon</name>
		<pose>Unspecified</pose>
		<truncated>0</truncated>
		<difficult>0</difficult>
		<bndbox>
			<xmin>807</xmin>
			<ymin>131</ymin>
			<xmax>908</xmax>
			<ymax>186</ymax>
		</bndbox>
	</object>
</annotation>
