<annotation>
	<folder>images</folder>
	<filename>videoplayback2837.jpg</filename>
	<path>/home/draget/w251/MIDS_HW8/images/videoplayback2837.jpg</path>
	<source>
		<database>Unknown</database>
	</source>
	<size>
		<width>1000</width>
		<height>563</height>
		<depth>3</depth>
	</size>
	<segmented>0</segmented>
	<object>
		<name>TIE Fighter</name>
		<pose>Unspecified</pose>
		<truncated>0</truncated>
		<difficult>0</difficult>
		<bndbox>
			<xmin>352</xmin>
			<ymin>147</ymin>
			<xmax>529</xmax>
			<ymax>325</ymax>
		</bndbox>
	</object>
	<object>
		<name>TIE Fighter</name>
		<pose>Unspecified</pose>
		<truncated>0</truncated>
		<difficult>0</difficult>
		<bndbox>
			<xmin>687</xmin>
			<ymin>227</ymin>
			<xmax>828</xmax>
			<ymax>374</ymax>
		</bndbox>
	</object>
</annotation>
