<annotation>
	<folder>images</folder>
	<filename>videoplayback4419.jpg</filename>
	<path>/home/draget/w251/MIDS_HW8/images/videoplayback4419.jpg</path>
	<source>
		<database>Unknown</database>
	</source>
	<size>
		<width>1000</width>
		<height>563</height>
		<depth>3</depth>
	</size>
	<segmented>0</segmented>
	<object>
		<name>Millenium Falcon</name>
		<pose>Unspecified</pose>
		<truncated>0</truncated>
		<difficult>0</difficult>
		<bndbox>
			<xmin>446</xmin>
			<ymin>312</ymin>
			<xmax>507</xmax>
			<ymax>331</ymax>
		</bndbox>
	</object>
	<object>
		<name>TIE Fighter</name>
		<pose>Unspecified</pose>
		<truncated>0</truncated>
		<difficult>0</difficult>
		<bndbox>
			<xmin>451</xmin>
			<ymin>332</ymin>
			<xmax>510</xmax>
			<ymax>388</ymax>
		</bndbox>
	</object>
	<object>
		<name>TIE Fighter</name>
		<pose>Unspecified</pose>
		<truncated>0</truncated>
		<difficult>0</difficult>
		<bndbox>
			<xmin>757</xmin>
			<ymin>302</ymin>
			<xmax>924</xmax>
			<ymax>468</ymax>
		</bndbox>
	</object>
</annotation>
