<annotation>
	<folder>images</folder>
	<filename>videoplayback2789.jpg</filename>
	<path>/home/draget/w251/MIDS_HW8/images/videoplayback2789.jpg</path>
	<source>
		<database>Unknown</database>
	</source>
	<size>
		<width>1000</width>
		<height>563</height>
		<depth>3</depth>
	</size>
	<segmented>0</segmented>
	<object>
		<name>TIE Fighter</name>
		<pose>Unspecified</pose>
		<truncated>0</truncated>
		<difficult>0</difficult>
		<bndbox>
			<xmin>477</xmin>
			<ymin>220</ymin>
			<xmax>520</xmax>
			<ymax>273</ymax>
		</bndbox>
	</object>
	<object>
		<name>TIE Fighter</name>
		<pose>Unspecified</pose>
		<truncated>0</truncated>
		<difficult>0</difficult>
		<bndbox>
			<xmin>116</xmin>
			<ymin>332</ymin>
			<xmax>154</xmax>
			<ymax>385</ymax>
		</bndbox>
	</object>
</annotation>
