<annotation>
	<folder>images</folder>
	<filename>videoplayback2813.jpg</filename>
	<path>/home/draget/w251/MIDS_HW8/images/videoplayback2813.jpg</path>
	<source>
		<database>Unknown</database>
	</source>
	<size>
		<width>1000</width>
		<height>563</height>
		<depth>3</depth>
	</size>
	<segmented>0</segmented>
	<object>
		<name>TIE Fighter</name>
		<pose>Unspecified</pose>
		<truncated>0</truncated>
		<difficult>0</difficult>
		<bndbox>
			<xmin>463</xmin>
			<ymin>259</ymin>
			<xmax>531</xmax>
			<ymax>323</ymax>
		</bndbox>
	</object>
	<object>
		<name>TIE Fighter</name>
		<pose>Unspecified</pose>
		<truncated>0</truncated>
		<difficult>0</difficult>
		<bndbox>
			<xmin>685</xmin>
			<ymin>247</ymin>
			<xmax>756</xmax>
			<ymax>314</ymax>
		</bndbox>
	</object>
</annotation>
