<annotation>
	<folder>images</folder>
	<filename>videoplayback4467.jpg</filename>
	<path>/home/draget/w251/MIDS_HW8/images/videoplayback4467.jpg</path>
	<source>
		<database>Unknown</database>
	</source>
	<size>
		<width>1000</width>
		<height>563</height>
		<depth>3</depth>
	</size>
	<segmented>0</segmented>
	<object>
		<name>TIE Fighter</name>
		<pose>Unspecified</pose>
		<truncated>0</truncated>
		<difficult>0</difficult>
		<bndbox>
			<xmin>599</xmin>
			<ymin>284</ymin>
			<xmax>657</xmax>
			<ymax>340</ymax>
		</bndbox>
	</object>
	<object>
		<name>Millenium Falcon</name>
		<pose>Unspecified</pose>
		<truncated>1</truncated>
		<difficult>0</difficult>
		<bndbox>
			<xmin>1</xmin>
			<ymin>119</ymin>
			<xmax>358</xmax>
			<ymax>369</ymax>
		</bndbox>
	</object>
</annotation>
