<annotation>
	<folder>images</folder>
	<filename>videoplayback5747.jpg</filename>
	<path>/home/draget/w251/MIDS_HW8/images/videoplayback5747.jpg</path>
	<source>
		<database>Unknown</database>
	</source>
	<size>
		<width>1000</width>
		<height>563</height>
		<depth>3</depth>
	</size>
	<segmented>0</segmented>
	<object>
		<name>Millenium Falcon</name>
		<pose>Unspecified</pose>
		<truncated>0</truncated>
		<difficult>0</difficult>
		<bndbox>
			<xmin>624</xmin>
			<ymin>229</ymin>
			<xmax>742</xmax>
			<ymax>398</ymax>
		</bndbox>
	</object>
	<object>
		<name>TIE Fighter</name>
		<pose>Unspecified</pose>
		<truncated>1</truncated>
		<difficult>0</difficult>
		<bndbox>
			<xmin>1</xmin>
			<ymin>72</ymin>
			<xmax>161</xmax>
			<ymax>319</ymax>
		</bndbox>
	</object>
</annotation>
