<annotation>
	<folder>images</folder>
	<filename>videoplayback4853.jpg</filename>
	<path>/home/draget/w251/MIDS_HW8/images/videoplayback4853.jpg</path>
	<source>
		<database>Unknown</database>
	</source>
	<size>
		<width>1000</width>
		<height>563</height>
		<depth>3</depth>
	</size>
	<segmented>0</segmented>
	<object>
		<name>TIE Fighter</name>
		<pose>Unspecified</pose>
		<truncated>0</truncated>
		<difficult>0</difficult>
		<bndbox>
			<xmin>448</xmin>
			<ymin>107</ymin>
			<xmax>698</xmax>
			<ymax>347</ymax>
		</bndbox>
	</object>
	<object>
		<name>Millenium Falcon</name>
		<pose>Unspecified</pose>
		<truncated>0</truncated>
		<difficult>0</difficult>
		<bndbox>
			<xmin>50</xmin>
			<ymin>327</ymin>
			<xmax>716</xmax>
			<ymax>489</ymax>
		</bndbox>
	</object>
</annotation>
