<annotation>
	<folder>images</folder>
	<filename>videoplayback1808.jpg</filename>
	<path>/home/draget/w251/MIDS_HW8/images/videoplayback1808.jpg</path>
	<source>
		<database>Unknown</database>
	</source>
	<size>
		<width>1000</width>
		<height>563</height>
		<depth>3</depth>
	</size>
	<segmented>0</segmented>
	<object>
		<name>Millenium Falcon</name>
		<pose>Unspecified</pose>
		<truncated>0</truncated>
		<difficult>0</difficult>
		<bndbox>
			<xmin>61</xmin>
			<ymin>241</ymin>
			<xmax>869</xmax>
			<ymax>486</ymax>
		</bndbox>
	</object>
	<object>
		<name>TIE Fighter</name>
		<pose>Unspecified</pose>
		<truncated>0</truncated>
		<difficult>0</difficult>
		<bndbox>
			<xmin>274</xmin>
			<ymin>202</ymin>
			<xmax>320</xmax>
			<ymax>238</ymax>
		</bndbox>
	</object>
	<object>
		<name>TIE Fighter</name>
		<pose>Unspecified</pose>
		<truncated>0</truncated>
		<difficult>0</difficult>
		<bndbox>
			<xmin>342</xmin>
			<ymin>234</ymin>
			<xmax>359</xmax>
			<ymax>257</ymax>
		</bndbox>
	</object>
</annotation>
