<annotation>
	<folder>images</folder>
	<filename>videoplayback4592.jpg</filename>
	<path>/home/draget/w251/MIDS_HW8/images/videoplayback4592.jpg</path>
	<source>
		<database>Unknown</database>
	</source>
	<size>
		<width>1000</width>
		<height>563</height>
		<depth>3</depth>
	</size>
	<segmented>0</segmented>
	<object>
		<name>TIE Fighter</name>
		<pose>Unspecified</pose>
		<truncated>0</truncated>
		<difficult>0</difficult>
		<bndbox>
			<xmin>173</xmin>
			<ymin>73</ymin>
			<xmax>589</xmax>
			<ymax>428</ymax>
		</bndbox>
	</object>
	<object>
		<name>Millenium Falcon</name>
		<pose>Unspecified</pose>
		<truncated>0</truncated>
		<difficult>0</difficult>
		<bndbox>
			<xmin>499</xmin>
			<ymin>164</ymin>
			<xmax>763</xmax>
			<ymax>319</ymax>
		</bndbox>
	</object>
</annotation>
