<annotation>
	<folder>images</folder>
	<filename>videoplayback5292.jpg</filename>
	<path>/home/draget/w251/MIDS_HW8/images/videoplayback5292.jpg</path>
	<source>
		<database>Unknown</database>
	</source>
	<size>
		<width>1000</width>
		<height>563</height>
		<depth>3</depth>
	</size>
	<segmented>0</segmented>
	<object>
		<name>Millenium Falcon</name>
		<pose>Unspecified</pose>
		<truncated>0</truncated>
		<difficult>0</difficult>
		<bndbox>
			<xmin>242</xmin>
			<ymin>194</ymin>
			<xmax>297</xmax>
			<ymax>250</ymax>
		</bndbox>
	</object>
	<object>
		<name>TIE Fighter</name>
		<pose>Unspecified</pose>
		<truncated>0</truncated>
		<difficult>0</difficult>
		<bndbox>
			<xmin>338</xmin>
			<ymin>182</ymin>
			<xmax>354</xmax>
			<ymax>196</ymax>
		</bndbox>
	</object>
</annotation>
