<annotation>
	<folder>images</folder>
	<filename>videoplayback4190.jpg</filename>
	<path>/home/draget/w251/MIDS_HW8/images/videoplayback4190.jpg</path>
	<source>
		<database>Unknown</database>
	</source>
	<size>
		<width>1000</width>
		<height>563</height>
		<depth>3</depth>
	</size>
	<segmented>0</segmented>
	<object>
		<name>TIE Fighter</name>
		<pose>Unspecified</pose>
		<truncated>0</truncated>
		<difficult>0</difficult>
		<bndbox>
			<xmin>546</xmin>
			<ymin>155</ymin>
			<xmax>606</xmax>
			<ymax>211</ymax>
		</bndbox>
	</object>
	<object>
		<name>Millenium Falcon</name>
		<pose>Unspecified</pose>
		<truncated>0</truncated>
		<difficult>0</difficult>
		<bndbox>
			<xmin>416</xmin>
			<ymin>150</ymin>
			<xmax>495</xmax>
			<ymax>240</ymax>
		</bndbox>
	</object>
	<object>
		<name>TIE Fighter</name>
		<pose>Unspecified</pose>
		<truncated>0</truncated>
		<difficult>0</difficult>
		<bndbox>
			<xmin>529</xmin>
			<ymin>245</ymin>
			<xmax>763</xmax>
			<ymax>490</ymax>
		</bndbox>
	</object>
</annotation>
