<annotation>
	<folder>images</folder>
	<filename>videoplayback6259.jpg</filename>
	<path>/home/draget/w251/MIDS_HW8/images/videoplayback6259.jpg</path>
	<source>
		<database>Unknown</database>
	</source>
	<size>
		<width>1000</width>
		<height>563</height>
		<depth>3</depth>
	</size>
	<segmented>0</segmented>
	<object>
		<name>Millenium Falcon</name>
		<pose>Unspecified</pose>
		<truncated>0</truncated>
		<difficult>0</difficult>
		<bndbox>
			<xmin>590</xmin>
			<ymin>72</ymin>
			<xmax>935</xmax>
			<ymax>440</ymax>
		</bndbox>
	</object>
	<object>
		<name>TIE Fighter</name>
		<pose>Unspecified</pose>
		<truncated>1</truncated>
		<difficult>0</difficult>
		<bndbox>
			<xmin>1</xmin>
			<ymin>73</ymin>
			<xmax>543</xmax>
			<ymax>488</ymax>
		</bndbox>
	</object>
</annotation>
