<annotation>
	<folder>images</folder>
	<filename>videoplayback1952.jpg</filename>
	<path>/home/draget/w251/MIDS_HW8/images/videoplayback1952.jpg</path>
	<source>
		<database>Unknown</database>
	</source>
	<size>
		<width>1000</width>
		<height>563</height>
		<depth>3</depth>
	</size>
	<segmented>0</segmented>
	<object>
		<name>Millenium Falcon</name>
		<pose>Unspecified</pose>
		<truncated>0</truncated>
		<difficult>0</difficult>
		<bndbox>
			<xmin>120</xmin>
			<ymin>102</ymin>
			<xmax>722</xmax>
			<ymax>432</ymax>
		</bndbox>
	</object>
</annotation>
