<annotation>
	<folder>images</folder>
	<filename>videoplayback3180.jpg</filename>
	<path>/home/draget/w251/MIDS_HW8/images/videoplayback3180.jpg</path>
	<source>
		<database>Unknown</database>
	</source>
	<size>
		<width>1000</width>
		<height>563</height>
		<depth>3</depth>
	</size>
	<segmented>0</segmented>
	<object>
		<name>TIE Fighter</name>
		<pose>Unspecified</pose>
		<truncated>0</truncated>
		<difficult>0</difficult>
		<bndbox>
			<xmin>498</xmin>
			<ymin>186</ymin>
			<xmax>524</xmax>
			<ymax>211</ymax>
		</bndbox>
	</object>
	<object>
		<name>TIE Fighter</name>
		<pose>Unspecified</pose>
		<truncated>0</truncated>
		<difficult>0</difficult>
		<bndbox>
			<xmin>617</xmin>
			<ymin>202</ymin>
			<xmax>639</xmax>
			<ymax>226</ymax>
		</bndbox>
	</object>
	<object>
		<name>Millenium Falcon</name>
		<pose>Unspecified</pose>
		<truncated>0</truncated>
		<difficult>0</difficult>
		<bndbox>
			<xmin>525</xmin>
			<ymin>229</ymin>
			<xmax>631</xmax>
			<ymax>264</ymax>
		</bndbox>
	</object>
</annotation>
