<annotation>
	<folder>images</folder>
	<filename>videoplayback4437.jpg</filename>
	<path>/home/draget/w251/MIDS_HW8/images/videoplayback4437.jpg</path>
	<source>
		<database>Unknown</database>
	</source>
	<size>
		<width>1000</width>
		<height>563</height>
		<depth>3</depth>
	</size>
	<segmented>0</segmented>
	<object>
		<name>Millenium Falcon</name>
		<pose>Unspecified</pose>
		<truncated>0</truncated>
		<difficult>0</difficult>
		<bndbox>
			<xmin>64</xmin>
			<ymin>206</ymin>
			<xmax>166</xmax>
			<ymax>294</ymax>
		</bndbox>
	</object>
	<object>
		<name>TIE Fighter</name>
		<pose>Unspecified</pose>
		<truncated>0</truncated>
		<difficult>0</difficult>
		<bndbox>
			<xmin>832</xmin>
			<ymin>221</ymin>
			<xmax>894</xmax>
			<ymax>269</ymax>
		</bndbox>
	</object>
	<object>
		<name>TIE Fighter</name>
		<pose>Unspecified</pose>
		<truncated>0</truncated>
		<difficult>0</difficult>
		<bndbox>
			<xmin>572</xmin>
			<ymin>314</ymin>
			<xmax>719</xmax>
			<ymax>483</ymax>
		</bndbox>
	</object>
</annotation>
