<annotation>
	<folder>images</folder>
	<filename>videoplayback0808.jpg</filename>
	<path>/home/draget/w251/MIDS_HW8/images/videoplayback0808.jpg</path>
	<source>
		<database>Unknown</database>
	</source>
	<size>
		<width>1000</width>
		<height>563</height>
		<depth>3</depth>
	</size>
	<segmented>0</segmented>
	<object>
		<name>Millenium Falcon</name>
		<pose>Unspecified</pose>
		<truncated>0</truncated>
		<difficult>0</difficult>
		<bndbox>
			<xmin>271</xmin>
			<ymin>230</ymin>
			<xmax>731</xmax>
			<ymax>350</ymax>
		</bndbox>
	</object>
	<object>
		<name>TIE Fighter</name>
		<pose>Unspecified</pose>
		<truncated>0</truncated>
		<difficult>0</difficult>
		<bndbox>
			<xmin>179</xmin>
			<ymin>175</ymin>
			<xmax>196</xmax>
			<ymax>194</ymax>
		</bndbox>
	</object>
</annotation>
