<annotation>
	<folder>images</folder>
	<filename>videoplayback5316.jpg</filename>
	<path>/home/draget/w251/MIDS_HW8/images/videoplayback5316.jpg</path>
	<source>
		<database>Unknown</database>
	</source>
	<size>
		<width>1000</width>
		<height>563</height>
		<depth>3</depth>
	</size>
	<segmented>0</segmented>
	<object>
		<name>Millenium Falcon</name>
		<pose>Unspecified</pose>
		<truncated>0</truncated>
		<difficult>0</difficult>
		<bndbox>
			<xmin>177</xmin>
			<ymin>208</ymin>
			<xmax>262</xmax>
			<ymax>371</ymax>
		</bndbox>
	</object>
	<object>
		<name>TIE Fighter</name>
		<pose>Unspecified</pose>
		<truncated>0</truncated>
		<difficult>0</difficult>
		<bndbox>
			<xmin>294</xmin>
			<ymin>132</ymin>
			<xmax>318</xmax>
			<ymax>158</ymax>
		</bndbox>
	</object>
</annotation>
