<annotation>
	<folder>images</folder>
	<filename>videoplayback3458.jpg</filename>
	<path>/home/draget/w251/MIDS_HW8/images/videoplayback3458.jpg</path>
	<source>
		<database>Unknown</database>
	</source>
	<size>
		<width>1000</width>
		<height>563</height>
		<depth>3</depth>
	</size>
	<segmented>0</segmented>
	<object>
		<name>TIE Fighter</name>
		<pose>Unspecified</pose>
		<truncated>0</truncated>
		<difficult>0</difficult>
		<bndbox>
			<xmin>281</xmin>
			<ymin>186</ymin>
			<xmax>418</xmax>
			<ymax>344</ymax>
		</bndbox>
	</object>
	<object>
		<name>TIE Fighter</name>
		<pose>Unspecified</pose>
		<truncated>0</truncated>
		<difficult>0</difficult>
		<bndbox>
			<xmin>708</xmin>
			<ymin>214</ymin>
			<xmax>999</xmax>
			<ymax>489</ymax>
		</bndbox>
	</object>
	<object>
		<name>Millenium Falcon</name>
		<pose>Unspecified</pose>
		<truncated>0</truncated>
		<difficult>0</difficult>
		<bndbox>
			<xmin>335</xmin>
			<ymin>208</ymin>
			<xmax>476</xmax>
			<ymax>275</ymax>
		</bndbox>
	</object>
</annotation>
