<annotation>
	<folder>images</folder>
	<filename>videoplayback5717.jpg</filename>
	<path>/home/draget/w251/MIDS_HW8/images/videoplayback5717.jpg</path>
	<source>
		<database>Unknown</database>
	</source>
	<size>
		<width>1000</width>
		<height>563</height>
		<depth>3</depth>
	</size>
	<segmented>0</segmented>
	<object>
		<name>TIE Fighter</name>
		<pose>Unspecified</pose>
		<truncated>0</truncated>
		<difficult>0</difficult>
		<bndbox>
			<xmin>465</xmin>
			<ymin>71</ymin>
			<xmax>844</xmax>
			<ymax>464</ymax>
		</bndbox>
	</object>
	<object>
		<name>Millenium Falcon</name>
		<pose>Unspecified</pose>
		<truncated>0</truncated>
		<difficult>0</difficult>
		<bndbox>
			<xmin>238</xmin>
			<ymin>312</ymin>
			<xmax>375</xmax>
			<ymax>421</ymax>
		</bndbox>
	</object>
</annotation>
