<annotation>
	<folder>images</folder>
	<filename>videoplayback4300.jpg</filename>
	<path>/home/draget/w251/MIDS_HW8/images/videoplayback4300.jpg</path>
	<source>
		<database>Unknown</database>
	</source>
	<size>
		<width>1000</width>
		<height>563</height>
		<depth>3</depth>
	</size>
	<segmented>0</segmented>
	<object>
		<name>Millenium Falcon</name>
		<pose>Unspecified</pose>
		<truncated>0</truncated>
		<difficult>0</difficult>
		<bndbox>
			<xmin>342</xmin>
			<ymin>279</ymin>
			<xmax>448</xmax>
			<ymax>316</ymax>
		</bndbox>
	</object>
	<object>
		<name>TIE Fighter</name>
		<pose>Unspecified</pose>
		<truncated>0</truncated>
		<difficult>0</difficult>
		<bndbox>
			<xmin>418</xmin>
			<ymin>169</ymin>
			<xmax>531</xmax>
			<ymax>302</ymax>
		</bndbox>
	</object>
	<object>
		<name>TIE Fighter</name>
		<pose>Unspecified</pose>
		<truncated>0</truncated>
		<difficult>0</difficult>
		<bndbox>
			<xmin>568</xmin>
			<ymin>74</ymin>
			<xmax>863</xmax>
			<ymax>376</ymax>
		</bndbox>
	</object>
</annotation>
