<annotation>
	<folder>images</folder>
	<filename>videoplayback3470.jpg</filename>
	<path>/home/draget/w251/MIDS_HW8/images/videoplayback3470.jpg</path>
	<source>
		<database>Unknown</database>
	</source>
	<size>
		<width>1000</width>
		<height>563</height>
		<depth>3</depth>
	</size>
	<segmented>0</segmented>
	<object>
		<name>TIE Fighter</name>
		<pose>Unspecified</pose>
		<truncated>0</truncated>
		<difficult>0</difficult>
		<bndbox>
			<xmin>124</xmin>
			<ymin>158</ymin>
			<xmax>280</xmax>
			<ymax>317</ymax>
		</bndbox>
	</object>
	<object>
		<name>Millenium Falcon</name>
		<pose>Unspecified</pose>
		<truncated>0</truncated>
		<difficult>0</difficult>
		<bndbox>
			<xmin>336</xmin>
			<ymin>233</ymin>
			<xmax>465</xmax>
			<ymax>277</ymax>
		</bndbox>
	</object>
	<object>
		<name>TIE Fighter</name>
		<pose>Unspecified</pose>
		<truncated>1</truncated>
		<difficult>0</difficult>
		<bndbox>
			<xmin>741</xmin>
			<ymin>123</ymin>
			<xmax>1000</xmax>
			<ymax>491</ymax>
		</bndbox>
	</object>
</annotation>
