<annotation>
	<folder>images</folder>
	<filename>videoplayback5678.jpg</filename>
	<path>/home/draget/w251/MIDS_HW8/images/videoplayback5678.jpg</path>
	<source>
		<database>Unknown</database>
	</source>
	<size>
		<width>1000</width>
		<height>563</height>
		<depth>3</depth>
	</size>
	<segmented>0</segmented>
	<object>
		<name>Millenium Falcon</name>
		<pose>Unspecified</pose>
		<truncated>0</truncated>
		<difficult>0</difficult>
		<bndbox>
			<xmin>496</xmin>
			<ymin>213</ymin>
			<xmax>569</xmax>
			<ymax>369</ymax>
		</bndbox>
	</object>
	<object>
		<name>TIE Fighter</name>
		<pose>Unspecified</pose>
		<truncated>0</truncated>
		<difficult>0</difficult>
		<bndbox>
			<xmin>576</xmin>
			<ymin>93</ymin>
			<xmax>899</xmax>
			<ymax>416</ymax>
		</bndbox>
	</object>
</annotation>
