<annotation>
	<folder>images</folder>
	<filename>videoplayback5532.jpg</filename>
	<path>/home/draget/w251/MIDS_HW8/images/videoplayback5532.jpg</path>
	<source>
		<database>Unknown</database>
	</source>
	<size>
		<width>1000</width>
		<height>563</height>
		<depth>3</depth>
	</size>
	<segmented>0</segmented>
	<object>
		<name>Millenium Falcon</name>
		<pose>Unspecified</pose>
		<truncated>0</truncated>
		<difficult>0</difficult>
		<bndbox>
			<xmin>818</xmin>
			<ymin>144</ymin>
			<xmax>927</xmax>
			<ymax>217</ymax>
		</bndbox>
	</object>
	<object>
		<name>TIE Fighter</name>
		<pose>Unspecified</pose>
		<truncated>0</truncated>
		<difficult>0</difficult>
		<bndbox>
			<xmin>299</xmin>
			<ymin>260</ymin>
			<xmax>364</xmax>
			<ymax>334</ymax>
		</bndbox>
	</object>
</annotation>
