<annotation>
	<folder>images</folder>
	<filename>videoplayback1625.jpg</filename>
	<path>/home/draget/w251/MIDS_HW8/images/videoplayback1625.jpg</path>
	<source>
		<database>Unknown</database>
	</source>
	<size>
		<width>1000</width>
		<height>563</height>
		<depth>3</depth>
	</size>
	<segmented>0</segmented>
	<object>
		<name>TIE Fighter</name>
		<pose>Unspecified</pose>
		<truncated>0</truncated>
		<difficult>0</difficult>
		<bndbox>
			<xmin>681</xmin>
			<ymin>255</ymin>
			<xmax>710</xmax>
			<ymax>289</ymax>
		</bndbox>
	</object>
	<object>
		<name>TIE Fighter</name>
		<pose>Unspecified</pose>
		<truncated>0</truncated>
		<difficult>0</difficult>
		<bndbox>
			<xmin>827</xmin>
			<ymin>234</ymin>
			<xmax>884</xmax>
			<ymax>289</ymax>
		</bndbox>
	</object>
	<object>
		<name>Millenium Falcon</name>
		<pose>Unspecified</pose>
		<truncated>0</truncated>
		<difficult>0</difficult>
		<bndbox>
			<xmin>265</xmin>
			<ymin>294</ymin>
			<xmax>849</xmax>
			<ymax>461</ymax>
		</bndbox>
	</object>
</annotation>
