<annotation>
	<folder>images</folder>
	<filename>videoplayback3732.jpg</filename>
	<path>/home/draget/w251/MIDS_HW8/images/videoplayback3732.jpg</path>
	<source>
		<database>Unknown</database>
	</source>
	<size>
		<width>1000</width>
		<height>563</height>
		<depth>3</depth>
	</size>
	<segmented>0</segmented>
	<object>
		<name>Millenium Falcon</name>
		<pose>Unspecified</pose>
		<truncated>0</truncated>
		<difficult>0</difficult>
		<bndbox>
			<xmin>223</xmin>
			<ymin>255</ymin>
			<xmax>394</xmax>
			<ymax>432</ymax>
		</bndbox>
	</object>
</annotation>
