<annotation>
	<folder>images</folder>
	<filename>videoplayback3391.jpg</filename>
	<path>/home/draget/w251/MIDS_HW8/images/videoplayback3391.jpg</path>
	<source>
		<database>Unknown</database>
	</source>
	<size>
		<width>1000</width>
		<height>563</height>
		<depth>3</depth>
	</size>
	<segmented>0</segmented>
	<object>
		<name>TIE Fighter</name>
		<pose>Unspecified</pose>
		<truncated>0</truncated>
		<difficult>0</difficult>
		<bndbox>
			<xmin>680</xmin>
			<ymin>182</ymin>
			<xmax>779</xmax>
			<ymax>290</ymax>
		</bndbox>
	</object>
	<object>
		<name>TIE Fighter</name>
		<pose>Unspecified</pose>
		<truncated>0</truncated>
		<difficult>0</difficult>
		<bndbox>
			<xmin>501</xmin>
			<ymin>127</ymin>
			<xmax>587</xmax>
			<ymax>219</ymax>
		</bndbox>
	</object>
</annotation>
