<annotation>
	<folder>images</folder>
	<filename>videoplayback0090.jpg</filename>
	<path>/home/draget/w251/MIDS_HW8/images/videoplayback0090.jpg</path>
	<source>
		<database>Unknown</database>
	</source>
	<size>
		<width>1000</width>
		<height>563</height>
		<depth>3</depth>
	</size>
	<segmented>0</segmented>
	<object>
		<name>TIE Fighter</name>
		<pose>Unspecified</pose>
		<truncated>0</truncated>
		<difficult>0</difficult>
		<bndbox>
			<xmin>92</xmin>
			<ymin>276</ymin>
			<xmax>107</xmax>
			<ymax>292</ymax>
		</bndbox>
	</object>
	<object>
		<name>TIE Fighter</name>
		<pose>Unspecified</pose>
		<truncated>0</truncated>
		<difficult>0</difficult>
		<bndbox>
			<xmin>66</xmin>
			<ymin>257</ymin>
			<xmax>82</xmax>
			<ymax>268</ymax>
		</bndbox>
	</object>
</annotation>
