<annotation>
	<folder>images</folder>
	<filename>videoplayback4628.jpg</filename>
	<path>/home/draget/w251/MIDS_HW8/images/videoplayback4628.jpg</path>
	<source>
		<database>Unknown</database>
	</source>
	<size>
		<width>1000</width>
		<height>563</height>
		<depth>3</depth>
	</size>
	<segmented>0</segmented>
	<object>
		<name>TIE Fighter</name>
		<pose>Unspecified</pose>
		<truncated>0</truncated>
		<difficult>0</difficult>
		<bndbox>
			<xmin>506</xmin>
			<ymin>173</ymin>
			<xmax>571</xmax>
			<ymax>240</ymax>
		</bndbox>
	</object>
	<object>
		<name>Millenium Falcon</name>
		<pose>Unspecified</pose>
		<truncated>0</truncated>
		<difficult>0</difficult>
		<bndbox>
			<xmin>155</xmin>
			<ymin>228</ymin>
			<xmax>301</xmax>
			<ymax>292</ymax>
		</bndbox>
	</object>
</annotation>
