<annotation>
	<folder>images</folder>
	<filename>videoplayback4288.jpg</filename>
	<path>/home/draget/w251/MIDS_HW8/images/videoplayback4288.jpg</path>
	<source>
		<database>Unknown</database>
	</source>
	<size>
		<width>1000</width>
		<height>563</height>
		<depth>3</depth>
	</size>
	<segmented>0</segmented>
	<object>
		<name>TIE Fighter</name>
		<pose>Unspecified</pose>
		<truncated>0</truncated>
		<difficult>0</difficult>
		<bndbox>
			<xmin>410</xmin>
			<ymin>74</ymin>
			<xmax>612</xmax>
			<ymax>295</ymax>
		</bndbox>
	</object>
	<object>
		<name>Millenium Falcon</name>
		<pose>Unspecified</pose>
		<truncated>0</truncated>
		<difficult>0</difficult>
		<bndbox>
			<xmin>298</xmin>
			<ymin>295</ymin>
			<xmax>445</xmax>
			<ymax>337</ymax>
		</bndbox>
	</object>
</annotation>
