<annotation>
	<folder>images</folder>
	<filename>videoplayback3678.jpg</filename>
	<path>/home/draget/w251/MIDS_HW8/images/videoplayback3678.jpg</path>
	<source>
		<database>Unknown</database>
	</source>
	<size>
		<width>1000</width>
		<height>563</height>
		<depth>3</depth>
	</size>
	<segmented>0</segmented>
	<object>
		<name>Millenium Falcon</name>
		<pose>Unspecified</pose>
		<truncated>0</truncated>
		<difficult>0</difficult>
		<bndbox>
			<xmin>331</xmin>
			<ymin>104</ymin>
			<xmax>720</xmax>
			<ymax>411</ymax>
		</bndbox>
	</object>
	<object>
		<name>TIE Fighter</name>
		<pose>Unspecified</pose>
		<truncated>0</truncated>
		<difficult>0</difficult>
		<bndbox>
			<xmin>919</xmin>
			<ymin>307</ymin>
			<xmax>959</xmax>
			<ymax>346</ymax>
		</bndbox>
	</object>
</annotation>
