<annotation>
	<folder>images</folder>
	<filename>videoplayback0102.jpg</filename>
	<path>/home/draget/w251/MIDS_HW8/images/videoplayback0102.jpg</path>
	<source>
		<database>Unknown</database>
	</source>
	<size>
		<width>1000</width>
		<height>563</height>
		<depth>3</depth>
	</size>
	<segmented>0</segmented>
	<object>
		<name>TIE Fighter</name>
		<pose>Unspecified</pose>
		<truncated>0</truncated>
		<difficult>0</difficult>
		<bndbox>
			<xmin>104</xmin>
			<ymin>256</ymin>
			<xmax>119</xmax>
			<ymax>269</ymax>
		</bndbox>
	</object>
	<object>
		<name>TIE Fighter</name>
		<pose>Unspecified</pose>
		<truncated>0</truncated>
		<difficult>0</difficult>
		<bndbox>
			<xmin>129</xmin>
			<ymin>272</ymin>
			<xmax>148</xmax>
			<ymax>293</ymax>
		</bndbox>
	</object>
</annotation>
