<annotation>
	<folder>images</folder>
	<filename>videoplayback4622.jpg</filename>
	<path>/home/draget/w251/MIDS_HW8/images/videoplayback4622.jpg</path>
	<source>
		<database>Unknown</database>
	</source>
	<size>
		<width>1000</width>
		<height>563</height>
		<depth>3</depth>
	</size>
	<segmented>0</segmented>
	<object>
		<name>Millenium Falcon</name>
		<pose>Unspecified</pose>
		<truncated>0</truncated>
		<difficult>0</difficult>
		<bndbox>
			<xmin>176</xmin>
			<ymin>223</ymin>
			<xmax>325</xmax>
			<ymax>299</ymax>
		</bndbox>
	</object>
	<object>
		<name>TIE Fighter</name>
		<pose>Unspecified</pose>
		<truncated>0</truncated>
		<difficult>0</difficult>
		<bndbox>
			<xmin>446</xmin>
			<ymin>166</ymin>
			<xmax>531</xmax>
			<ymax>253</ymax>
		</bndbox>
	</object>
</annotation>
