<annotation>
	<folder>images</folder>
	<filename>videoplayback0057.jpg</filename>
	<path>/home/draget/w251/MIDS_HW8/images/videoplayback0057.jpg</path>
	<source>
		<database>Unknown</database>
	</source>
	<size>
		<width>1000</width>
		<height>563</height>
		<depth>3</depth>
	</size>
	<segmented>0</segmented>
	<object>
		<name>TIE Fighter</name>
		<pose>Unspecified</pose>
		<truncated>0</truncated>
		<difficult>0</difficult>
		<bndbox>
			<xmin>141</xmin>
			<ymin>143</ymin>
			<xmax>155</xmax>
			<ymax>156</ymax>
		</bndbox>
	</object>
	<object>
		<name>TIE Fighter</name>
		<pose>Unspecified</pose>
		<truncated>0</truncated>
		<difficult>0</difficult>
		<bndbox>
			<xmin>165</xmin>
			<ymin>158</ymin>
			<xmax>180</xmax>
			<ymax>172</ymax>
		</bndbox>
	</object>
</annotation>
