<annotation>
	<folder>images</folder>
	<filename>videoplayback1631.jpg</filename>
	<path>/home/draget/w251/MIDS_HW8/images/videoplayback1631.jpg</path>
	<source>
		<database>Unknown</database>
	</source>
	<size>
		<width>1000</width>
		<height>563</height>
		<depth>3</depth>
	</size>
	<segmented>0</segmented>
	<object>
		<name>TIE Fighter</name>
		<pose>Unspecified</pose>
		<truncated>0</truncated>
		<difficult>0</difficult>
		<bndbox>
			<xmin>678</xmin>
			<ymin>259</ymin>
			<xmax>705</xmax>
			<ymax>288</ymax>
		</bndbox>
	</object>
	<object>
		<name>TIE Fighter</name>
		<pose>Unspecified</pose>
		<truncated>0</truncated>
		<difficult>0</difficult>
		<bndbox>
			<xmin>808</xmin>
			<ymin>251</ymin>
			<xmax>852</xmax>
			<ymax>293</ymax>
		</bndbox>
	</object>
	<object>
		<name>Millenium Falcon</name>
		<pose>Unspecified</pose>
		<truncated>0</truncated>
		<difficult>0</difficult>
		<bndbox>
			<xmin>268</xmin>
			<ymin>293</ymin>
			<xmax>887</xmax>
			<ymax>458</ymax>
		</bndbox>
	</object>
</annotation>
