<annotation>
	<folder>images</folder>
	<filename>videoplayback4431.jpg</filename>
	<path>/home/draget/w251/MIDS_HW8/images/videoplayback4431.jpg</path>
	<source>
		<database>Unknown</database>
	</source>
	<size>
		<width>1000</width>
		<height>563</height>
		<depth>3</depth>
	</size>
	<segmented>0</segmented>
	<object>
		<name>Millenium Falcon</name>
		<pose>Unspecified</pose>
		<truncated>0</truncated>
		<difficult>0</difficult>
		<bndbox>
			<xmin>277</xmin>
			<ymin>258</ymin>
			<xmax>362</xmax>
			<ymax>332</ymax>
		</bndbox>
	</object>
	<object>
		<name>TIE Fighter</name>
		<pose>Unspecified</pose>
		<truncated>0</truncated>
		<difficult>0</difficult>
		<bndbox>
			<xmin>640</xmin>
			<ymin>352</ymin>
			<xmax>797</xmax>
			<ymax>489</ymax>
		</bndbox>
	</object>
</annotation>
