<annotation>
	<folder>images</folder>
	<filename>videoplayback4202.jpg</filename>
	<path>/home/draget/w251/MIDS_HW8/images/videoplayback4202.jpg</path>
	<source>
		<database>Unknown</database>
	</source>
	<size>
		<width>1000</width>
		<height>563</height>
		<depth>3</depth>
	</size>
	<segmented>0</segmented>
	<object>
		<name>Millenium Falcon</name>
		<pose>Unspecified</pose>
		<truncated>0</truncated>
		<difficult>0</difficult>
		<bndbox>
			<xmin>475</xmin>
			<ymin>155</ymin>
			<xmax>571</xmax>
			<ymax>205</ymax>
		</bndbox>
	</object>
	<object>
		<name>TIE Fighter</name>
		<pose>Unspecified</pose>
		<truncated>0</truncated>
		<difficult>0</difficult>
		<bndbox>
			<xmin>661</xmin>
			<ymin>147</ymin>
			<xmax>712</xmax>
			<ymax>199</ymax>
		</bndbox>
	</object>
	<object>
		<name>TIE Fighter</name>
		<pose>Unspecified</pose>
		<truncated>0</truncated>
		<difficult>0</difficult>
		<bndbox>
			<xmin>550</xmin>
			<ymin>307</ymin>
			<xmax>695</xmax>
			<ymax>458</ymax>
		</bndbox>
	</object>
</annotation>
