<annotation>
	<folder>images</folder>
	<filename>videoplayback4509.jpg</filename>
	<path>/home/draget/w251/MIDS_HW8/images/videoplayback4509.jpg</path>
	<source>
		<database>Unknown</database>
	</source>
	<size>
		<width>1000</width>
		<height>563</height>
		<depth>3</depth>
	</size>
	<segmented>0</segmented>
	<object>
		<name>TIE Fighter</name>
		<pose>Unspecified</pose>
		<truncated>0</truncated>
		<difficult>0</difficult>
		<bndbox>
			<xmin>765</xmin>
			<ymin>272</ymin>
			<xmax>778</xmax>
			<ymax>286</ymax>
		</bndbox>
	</object>
	<object>
		<name>Millenium Falcon</name>
		<pose>Unspecified</pose>
		<truncated>0</truncated>
		<difficult>0</difficult>
		<bndbox>
			<xmin>532</xmin>
			<ymin>278</ymin>
			<xmax>580</xmax>
			<ymax>304</ymax>
		</bndbox>
	</object>
</annotation>
