<annotation>
	<folder>images</folder>
	<filename>videoplayback0108.jpg</filename>
	<path>/home/draget/w251/MIDS_HW8/images/videoplayback0108.jpg</path>
	<source>
		<database>Unknown</database>
	</source>
	<size>
		<width>1000</width>
		<height>563</height>
		<depth>3</depth>
	</size>
	<segmented>0</segmented>
	<object>
		<name>TIE Fighter</name>
		<pose>Unspecified</pose>
		<truncated>0</truncated>
		<difficult>0</difficult>
		<bndbox>
			<xmin>126</xmin>
			<ymin>257</ymin>
			<xmax>141</xmax>
			<ymax>270</ymax>
		</bndbox>
	</object>
	<object>
		<name>TIE Fighter</name>
		<pose>Unspecified</pose>
		<truncated>0</truncated>
		<difficult>0</difficult>
		<bndbox>
			<xmin>150</xmin>
			<ymin>273</ymin>
			<xmax>168</xmax>
			<ymax>292</ymax>
		</bndbox>
	</object>
</annotation>
