<annotation>
	<folder>images</folder>
	<filename>videoplayback1667.jpg</filename>
	<path>/home/draget/w251/MIDS_HW8/images/videoplayback1667.jpg</path>
	<source>
		<database>Unknown</database>
	</source>
	<size>
		<width>1000</width>
		<height>563</height>
		<depth>3</depth>
	</size>
	<segmented>0</segmented>
	<object>
		<name>Millenium Falcon</name>
		<pose>Unspecified</pose>
		<truncated>0</truncated>
		<difficult>0</difficult>
		<bndbox>
			<xmin>291</xmin>
			<ymin>232</ymin>
			<xmax>886</xmax>
			<ymax>452</ymax>
		</bndbox>
	</object>
	<object>
		<name>TIE Fighter</name>
		<pose>Unspecified</pose>
		<truncated>0</truncated>
		<difficult>0</difficult>
		<bndbox>
			<xmin>567</xmin>
			<ymin>225</ymin>
			<xmax>590</xmax>
			<ymax>243</ymax>
		</bndbox>
	</object>
</annotation>
