<annotation>
	<folder>images</folder>
	<filename>videoplayback4019.jpg</filename>
	<path>/home/draget/w251/MIDS_HW8/images/videoplayback4019.jpg</path>
	<source>
		<database>Unknown</database>
	</source>
	<size>
		<width>1000</width>
		<height>563</height>
		<depth>3</depth>
	</size>
	<segmented>0</segmented>
	<object>
		<name>TIE Fighter</name>
		<pose>Unspecified</pose>
		<truncated>0</truncated>
		<difficult>0</difficult>
		<bndbox>
			<xmin>578</xmin>
			<ymin>328</ymin>
			<xmax>675</xmax>
			<ymax>420</ymax>
		</bndbox>
	</object>
	<object>
		<name>TIE Fighter</name>
		<pose>Unspecified</pose>
		<truncated>0</truncated>
		<difficult>0</difficult>
		<bndbox>
			<xmin>503</xmin>
			<ymin>315</ymin>
			<xmax>576</xmax>
			<ymax>401</ymax>
		</bndbox>
	</object>
	<object>
		<name>Millenium Falcon</name>
		<pose>Unspecified</pose>
		<truncated>0</truncated>
		<difficult>0</difficult>
		<bndbox>
			<xmin>372</xmin>
			<ymin>146</ymin>
			<xmax>575</xmax>
			<ymax>438</ymax>
		</bndbox>
	</object>
</annotation>
