<annotation>
	<folder>images</folder>
	<filename>videoplayback4172.jpg</filename>
	<path>/home/draget/w251/MIDS_HW8/images/videoplayback4172.jpg</path>
	<source>
		<database>Unknown</database>
	</source>
	<size>
		<width>1000</width>
		<height>563</height>
		<depth>3</depth>
	</size>
	<segmented>0</segmented>
	<object>
		<name>Millenium Falcon</name>
		<pose>Unspecified</pose>
		<truncated>0</truncated>
		<difficult>0</difficult>
		<bndbox>
			<xmin>557</xmin>
			<ymin>200</ymin>
			<xmax>667</xmax>
			<ymax>281</ymax>
		</bndbox>
	</object>
	<object>
		<name>TIE Fighter</name>
		<pose>Unspecified</pose>
		<truncated>0</truncated>
		<difficult>0</difficult>
		<bndbox>
			<xmin>637</xmin>
			<ymin>229</ymin>
			<xmax>706</xmax>
			<ymax>295</ymax>
		</bndbox>
	</object>
</annotation>
