<annotation>
	<folder>images</folder>
	<filename>videoplayback4306.jpg</filename>
	<path>/home/draget/w251/MIDS_HW8/images/videoplayback4306.jpg</path>
	<source>
		<database>Unknown</database>
	</source>
	<size>
		<width>1000</width>
		<height>563</height>
		<depth>3</depth>
	</size>
	<segmented>0</segmented>
	<object>
		<name>Millenium Falcon</name>
		<pose>Unspecified</pose>
		<truncated>0</truncated>
		<difficult>0</difficult>
		<bndbox>
			<xmin>364</xmin>
			<ymin>260</ymin>
			<xmax>454</xmax>
			<ymax>290</ymax>
		</bndbox>
	</object>
	<object>
		<name>TIE Fighter</name>
		<pose>Unspecified</pose>
		<truncated>0</truncated>
		<difficult>0</difficult>
		<bndbox>
			<xmin>424</xmin>
			<ymin>179</ymin>
			<xmax>518</xmax>
			<ymax>285</ymax>
		</bndbox>
	</object>
	<object>
		<name>TIE Fighter</name>
		<pose>Unspecified</pose>
		<truncated>0</truncated>
		<difficult>0</difficult>
		<bndbox>
			<xmin>556</xmin>
			<ymin>81</ymin>
			<xmax>814</xmax>
			<ymax>367</ymax>
		</bndbox>
	</object>
</annotation>
