<annotation>
	<folder>images</folder>
	<filename>videoplayback3464.jpg</filename>
	<path>/home/draget/w251/MIDS_HW8/images/videoplayback3464.jpg</path>
	<source>
		<database>Unknown</database>
	</source>
	<size>
		<width>1000</width>
		<height>563</height>
		<depth>3</depth>
	</size>
	<segmented>0</segmented>
	<object>
		<name>TIE Fighter</name>
		<pose>Unspecified</pose>
		<truncated>0</truncated>
		<difficult>0</difficult>
		<bndbox>
			<xmin>196</xmin>
			<ymin>155</ymin>
			<xmax>348</xmax>
			<ymax>324</ymax>
		</bndbox>
	</object>
	<object>
		<name>Millenium Falcon</name>
		<pose>Unspecified</pose>
		<truncated>0</truncated>
		<difficult>0</difficult>
		<bndbox>
			<xmin>336</xmin>
			<ymin>206</ymin>
			<xmax>471</xmax>
			<ymax>268</ymax>
		</bndbox>
	</object>
	<object>
		<name>TIE Fighter</name>
		<pose>Unspecified</pose>
		<truncated>0</truncated>
		<difficult>0</difficult>
		<bndbox>
			<xmin>757</xmin>
			<ymin>251</ymin>
			<xmax>998</xmax>
			<ymax>489</ymax>
		</bndbox>
	</object>
</annotation>
