<annotation>
	<folder>images</folder>
	<filename>videoplayback4455.jpg</filename>
	<path>/home/draget/w251/MIDS_HW8/images/videoplayback4455.jpg</path>
	<source>
		<database>Unknown</database>
	</source>
	<size>
		<width>1000</width>
		<height>563</height>
		<depth>3</depth>
	</size>
	<segmented>0</segmented>
	<object>
		<name>TIE Fighter</name>
		<pose>Unspecified</pose>
		<truncated>0</truncated>
		<difficult>0</difficult>
		<bndbox>
			<xmin>824</xmin>
			<ymin>281</ymin>
			<xmax>866</xmax>
			<ymax>322</ymax>
		</bndbox>
	</object>
	<object>
		<name>Millenium Falcon</name>
		<pose>Unspecified</pose>
		<truncated>0</truncated>
		<difficult>0</difficult>
		<bndbox>
			<xmin>418</xmin>
			<ymin>258</ymin>
			<xmax>492</xmax>
			<ymax>357</ymax>
		</bndbox>
	</object>
</annotation>
