<annotation>
	<folder>images</folder>
	<filename>videoplayback5358.jpg</filename>
	<path>/home/draget/w251/MIDS_HW8/images/videoplayback5358.jpg</path>
	<source>
		<database>Unknown</database>
	</source>
	<size>
		<width>1000</width>
		<height>563</height>
		<depth>3</depth>
	</size>
	<segmented>0</segmented>
	<object>
		<name>Millenium Falcon</name>
		<pose>Unspecified</pose>
		<truncated>0</truncated>
		<difficult>0</difficult>
		<bndbox>
			<xmin>748</xmin>
			<ymin>145</ymin>
			<xmax>815</xmax>
			<ymax>175</ymax>
		</bndbox>
	</object>
	<object>
		<name>TIE Fighter</name>
		<pose>Unspecified</pose>
		<truncated>0</truncated>
		<difficult>0</difficult>
		<bndbox>
			<xmin>459</xmin>
			<ymin>124</ymin>
			<xmax>638</xmax>
			<ymax>313</ymax>
		</bndbox>
	</object>
</annotation>
