<annotation>
	<folder>images</folder>
	<filename>videoplayback1585.jpg</filename>
	<path>/home/draget/w251/MIDS_HW8/images/videoplayback1585.jpg</path>
	<source>
		<database>Unknown</database>
	</source>
	<size>
		<width>1000</width>
		<height>563</height>
		<depth>3</depth>
	</size>
	<segmented>0</segmented>
	<object>
		<name>TIE Fighter</name>
		<pose>Unspecified</pose>
		<truncated>0</truncated>
		<difficult>0</difficult>
		<bndbox>
			<xmin>123</xmin>
			<ymin>146</ymin>
			<xmax>189</xmax>
			<ymax>205</ymax>
		</bndbox>
	</object>
	<object>
		<name>TIE Fighter</name>
		<pose>Unspecified</pose>
		<truncated>0</truncated>
		<difficult>0</difficult>
		<bndbox>
			<xmin>179</xmin>
			<ymin>192</ymin>
			<xmax>219</xmax>
			<ymax>228</ymax>
		</bndbox>
	</object>
</annotation>
