<annotation>
	<folder>images</folder>
	<filename>videoplayback4425.jpg</filename>
	<path>/home/draget/w251/MIDS_HW8/images/videoplayback4425.jpg</path>
	<source>
		<database>Unknown</database>
	</source>
	<size>
		<width>1000</width>
		<height>563</height>
		<depth>3</depth>
	</size>
	<segmented>0</segmented>
	<object>
		<name>Millenium Falcon</name>
		<pose>Unspecified</pose>
		<truncated>0</truncated>
		<difficult>0</difficult>
		<bndbox>
			<xmin>401</xmin>
			<ymin>275</ymin>
			<xmax>467</xmax>
			<ymax>328</ymax>
		</bndbox>
	</object>
	<object>
		<name>TIE Fighter</name>
		<pose>Unspecified</pose>
		<truncated>0</truncated>
		<difficult>0</difficult>
		<bndbox>
			<xmin>503</xmin>
			<ymin>307</ymin>
			<xmax>565</xmax>
			<ymax>357</ymax>
		</bndbox>
	</object>
	<object>
		<name>TIE Fighter</name>
		<pose>Unspecified</pose>
		<truncated>0</truncated>
		<difficult>0</difficult>
		<bndbox>
			<xmin>694</xmin>
			<ymin>328</ymin>
			<xmax>846</xmax>
			<ymax>476</ymax>
		</bndbox>
	</object>
</annotation>
