<annotation>
	<folder>images</folder>
	<filename>videoplayback5298.jpg</filename>
	<path>/home/draget/w251/MIDS_HW8/images/videoplayback5298.jpg</path>
	<source>
		<database>Unknown</database>
	</source>
	<size>
		<width>1000</width>
		<height>563</height>
		<depth>3</depth>
	</size>
	<segmented>0</segmented>
	<object>
		<name>TIE Fighter</name>
		<pose>Unspecified</pose>
		<truncated>0</truncated>
		<difficult>0</difficult>
		<bndbox>
			<xmin>339</xmin>
			<ymin>177</ymin>
			<xmax>359</xmax>
			<ymax>196</ymax>
		</bndbox>
	</object>
	<object>
		<name>Millenium Falcon</name>
		<pose>Unspecified</pose>
		<truncated>0</truncated>
		<difficult>0</difficult>
		<bndbox>
			<xmin>237</xmin>
			<ymin>198</ymin>
			<xmax>290</xmax>
			<ymax>273</ymax>
		</bndbox>
	</object>
</annotation>
