<annotation>
	<folder>images</folder>
	<filename>videoplayback1637.jpg</filename>
	<path>/home/draget/w251/MIDS_HW8/images/videoplayback1637.jpg</path>
	<source>
		<database>Unknown</database>
	</source>
	<size>
		<width>1000</width>
		<height>563</height>
		<depth>3</depth>
	</size>
	<segmented>0</segmented>
	<object>
		<name>Millenium Falcon</name>
		<pose>Unspecified</pose>
		<truncated>0</truncated>
		<difficult>0</difficult>
		<bndbox>
			<xmin>244</xmin>
			<ymin>257</ymin>
			<xmax>903</xmax>
			<ymax>456</ymax>
		</bndbox>
	</object>
	<object>
		<name>TIE Fighter</name>
		<pose>Unspecified</pose>
		<truncated>0</truncated>
		<difficult>0</difficult>
		<bndbox>
			<xmin>655</xmin>
			<ymin>244</ymin>
			<xmax>680</xmax>
			<ymax>266</ymax>
		</bndbox>
	</object>
	<object>
		<name>TIE Fighter</name>
		<pose>Unspecified</pose>
		<truncated>0</truncated>
		<difficult>0</difficult>
		<bndbox>
			<xmin>776</xmin>
			<ymin>247</ymin>
			<xmax>809</xmax>
			<ymax>277</ymax>
		</bndbox>
	</object>
</annotation>
