<annotation>
	<folder>images</folder>
	<filename>videoplayback2894.jpg</filename>
	<path>/home/draget/w251/MIDS_HW8/images/videoplayback2894.jpg</path>
	<source>
		<database>Unknown</database>
	</source>
	<size>
		<width>1000</width>
		<height>563</height>
		<depth>3</depth>
	</size>
	<segmented>0</segmented>
	<object>
		<name>TIE Fighter</name>
		<pose>Unspecified</pose>
		<truncated>0</truncated>
		<difficult>0</difficult>
		<bndbox>
			<xmin>403</xmin>
			<ymin>246</ymin>
			<xmax>488</xmax>
			<ymax>335</ymax>
		</bndbox>
	</object>
	<object>
		<name>TIE Fighter</name>
		<pose>Unspecified</pose>
		<truncated>0</truncated>
		<difficult>0</difficult>
		<bndbox>
			<xmin>642</xmin>
			<ymin>236</ymin>
			<xmax>694</xmax>
			<ymax>294</ymax>
		</bndbox>
	</object>
	<object>
		<name>Millenium Falcon</name>
		<pose>Unspecified</pose>
		<truncated>0</truncated>
		<difficult>0</difficult>
		<bndbox>
			<xmin>107</xmin>
			<ymin>386</ymin>
			<xmax>596</xmax>
			<ymax>490</ymax>
		</bndbox>
	</object>
</annotation>
