<annotation>
	<folder>images</folder>
	<filename>videoplayback3482.jpg</filename>
	<path>/home/draget/w251/MIDS_HW8/images/videoplayback3482.jpg</path>
	<source>
		<database>Unknown</database>
	</source>
	<size>
		<width>1000</width>
		<height>563</height>
		<depth>3</depth>
	</size>
	<segmented>0</segmented>
	<object>
		<name>TIE Fighter</name>
		<pose>Unspecified</pose>
		<truncated>0</truncated>
		<difficult>0</difficult>
		<bndbox>
			<xmin>50</xmin>
			<ymin>190</ymin>
			<xmax>192</xmax>
			<ymax>339</ymax>
		</bndbox>
	</object>
	<object>
		<name>Millenium Falcon</name>
		<pose>Unspecified</pose>
		<truncated>0</truncated>
		<difficult>0</difficult>
		<bndbox>
			<xmin>299</xmin>
			<ymin>238</ymin>
			<xmax>429</xmax>
			<ymax>292</ymax>
		</bndbox>
	</object>
	<object>
		<name>TIE Fighter</name>
		<pose>Unspecified</pose>
		<truncated>0</truncated>
		<difficult>0</difficult>
		<bndbox>
			<xmin>610</xmin>
			<ymin>213</ymin>
			<xmax>941</xmax>
			<ymax>490</ymax>
		</bndbox>
	</object>
</annotation>
