<annotation>
	<folder>images</folder>
	<filename>videoplayback1802.jpg</filename>
	<path>/home/draget/w251/MIDS_HW8/images/videoplayback1802.jpg</path>
	<source>
		<database>Unknown</database>
	</source>
	<size>
		<width>1000</width>
		<height>563</height>
		<depth>3</depth>
	</size>
	<segmented>0</segmented>
	<object>
		<name>Millenium Falcon</name>
		<pose>Unspecified</pose>
		<truncated>0</truncated>
		<difficult>0</difficult>
		<bndbox>
			<xmin>80</xmin>
			<ymin>262</ymin>
			<xmax>918</xmax>
			<ymax>487</ymax>
		</bndbox>
	</object>
	<object>
		<name>TIE Fighter</name>
		<pose>Unspecified</pose>
		<truncated>0</truncated>
		<difficult>0</difficult>
		<bndbox>
			<xmin>315</xmin>
			<ymin>216</ymin>
			<xmax>348</xmax>
			<ymax>249</ymax>
		</bndbox>
	</object>
</annotation>
