<annotation>
	<folder>images</folder>
	<filename>videoplayback3684.jpg</filename>
	<path>/home/draget/w251/MIDS_HW8/images/videoplayback3684.jpg</path>
	<source>
		<database>Unknown</database>
	</source>
	<size>
		<width>1000</width>
		<height>563</height>
		<depth>3</depth>
	</size>
	<segmented>0</segmented>
	<object>
		<name>Millenium Falcon</name>
		<pose>Unspecified</pose>
		<truncated>0</truncated>
		<difficult>0</difficult>
		<bndbox>
			<xmin>292</xmin>
			<ymin>76</ymin>
			<xmax>729</xmax>
			<ymax>407</ymax>
		</bndbox>
	</object>
	<object>
		<name>TIE Fighter</name>
		<pose>Unspecified</pose>
		<truncated>1</truncated>
		<difficult>0</difficult>
		<bndbox>
			<xmin>964</xmin>
			<ymin>299</ymin>
			<xmax>1000</xmax>
			<ymax>343</ymax>
		</bndbox>
	</object>
</annotation>
