<annotation>
	<folder>images</folder>
	<filename>videoplayback4208.jpg</filename>
	<path>/home/draget/w251/MIDS_HW8/images/videoplayback4208.jpg</path>
	<source>
		<database>Unknown</database>
	</source>
	<size>
		<width>1000</width>
		<height>563</height>
		<depth>3</depth>
	</size>
	<segmented>0</segmented>
	<object>
		<name>Millenium Falcon</name>
		<pose>Unspecified</pose>
		<truncated>0</truncated>
		<difficult>0</difficult>
		<bndbox>
			<xmin>459</xmin>
			<ymin>204</ymin>
			<xmax>552</xmax>
			<ymax>244</ymax>
		</bndbox>
	</object>
	<object>
		<name>TIE Fighter</name>
		<pose>Unspecified</pose>
		<truncated>0</truncated>
		<difficult>0</difficult>
		<bndbox>
			<xmin>666</xmin>
			<ymin>220</ymin>
			<xmax>708</xmax>
			<ymax>266</ymax>
		</bndbox>
	</object>
	<object>
		<name>TIE Fighter</name>
		<pose>Unspecified</pose>
		<truncated>0</truncated>
		<difficult>0</difficult>
		<bndbox>
			<xmin>517</xmin>
			<ymin>337</ymin>
			<xmax>642</xmax>
			<ymax>467</ymax>
		</bndbox>
	</object>
</annotation>
