<annotation>
	<folder>images</folder>
	<filename>videoplayback0523.jpg</filename>
	<path>/home/draget/w251/MIDS_HW8/images/videoplayback0523.jpg</path>
	<source>
		<database>Unknown</database>
	</source>
	<size>
		<width>1000</width>
		<height>563</height>
		<depth>3</depth>
	</size>
	<segmented>0</segmented>
	<object>
		<name>TIE Fighter</name>
		<pose>Unspecified</pose>
		<truncated>0</truncated>
		<difficult>0</difficult>
		<bndbox>
			<xmin>63</xmin>
			<ymin>162</ymin>
			<xmax>119</xmax>
			<ymax>223</ymax>
		</bndbox>
	</object>
	<object>
		<name>TIE Fighter</name>
		<pose>Unspecified</pose>
		<truncated>0</truncated>
		<difficult>0</difficult>
		<bndbox>
			<xmin>226</xmin>
			<ymin>267</ymin>
			<xmax>243</xmax>
			<ymax>283</ymax>
		</bndbox>
	</object>
</annotation>
