<annotation>
	<folder>images</folder>
	<filename>videoplayback4461.jpg</filename>
	<path>/home/draget/w251/MIDS_HW8/images/videoplayback4461.jpg</path>
	<source>
		<database>Unknown</database>
	</source>
	<size>
		<width>1000</width>
		<height>563</height>
		<depth>3</depth>
	</size>
	<segmented>0</segmented>
	<object>
		<name>Millenium Falcon</name>
		<pose>Unspecified</pose>
		<truncated>0</truncated>
		<difficult>0</difficult>
		<bndbox>
			<xmin>337</xmin>
			<ymin>211</ymin>
			<xmax>473</xmax>
			<ymax>353</ymax>
		</bndbox>
	</object>
	<object>
		<name>TIE Fighter</name>
		<pose>Unspecified</pose>
		<truncated>0</truncated>
		<difficult>0</difficult>
		<bndbox>
			<xmin>716</xmin>
			<ymin>283</ymin>
			<xmax>765</xmax>
			<ymax>329</ymax>
		</bndbox>
	</object>
</annotation>
