<annotation>
	<folder>images</folder>
	<filename>videoplayback5304.jpg</filename>
	<path>/home/draget/w251/MIDS_HW8/images/videoplayback5304.jpg</path>
	<source>
		<database>Unknown</database>
	</source>
	<size>
		<width>1000</width>
		<height>563</height>
		<depth>3</depth>
	</size>
	<segmented>0</segmented>
	<object>
		<name>TIE Fighter</name>
		<pose>Unspecified</pose>
		<truncated>0</truncated>
		<difficult>0</difficult>
		<bndbox>
			<xmin>328</xmin>
			<ymin>177</ymin>
			<xmax>347</xmax>
			<ymax>195</ymax>
		</bndbox>
	</object>
	<object>
		<name>Millenium Falcon</name>
		<pose>Unspecified</pose>
		<truncated>0</truncated>
		<difficult>0</difficult>
		<bndbox>
			<xmin>212</xmin>
			<ymin>217</ymin>
			<xmax>269</xmax>
			<ymax>308</ymax>
		</bndbox>
	</object>
</annotation>
