<annotation>
	<folder>images</folder>
	<filename>videoplayback3810.jpg</filename>
	<path>/home/draget/w251/MIDS_HW8/images/videoplayback3810.jpg</path>
	<source>
		<database>Unknown</database>
	</source>
	<size>
		<width>1000</width>
		<height>563</height>
		<depth>3</depth>
	</size>
	<segmented>0</segmented>
	<object>
		<name>TIE Fighter</name>
		<pose>Unspecified</pose>
		<truncated>0</truncated>
		<difficult>0</difficult>
		<bndbox>
			<xmin>353</xmin>
			<ymin>272</ymin>
			<xmax>420</xmax>
			<ymax>340</ymax>
		</bndbox>
	</object>
	<object>
		<name>TIE Fighter</name>
		<pose>Unspecified</pose>
		<truncated>0</truncated>
		<difficult>0</difficult>
		<bndbox>
			<xmin>513</xmin>
			<ymin>312</ymin>
			<xmax>535</xmax>
			<ymax>341</ymax>
		</bndbox>
	</object>
</annotation>
