<annotation>
	<folder>images</folder>
	<filename>videoplayback2825.jpg</filename>
	<path>/home/draget/w251/MIDS_HW8/images/videoplayback2825.jpg</path>
	<source>
		<database>Unknown</database>
	</source>
	<size>
		<width>1000</width>
		<height>563</height>
		<depth>3</depth>
	</size>
	<segmented>0</segmented>
	<object>
		<name>TIE Fighter</name>
		<pose>Unspecified</pose>
		<truncated>0</truncated>
		<difficult>0</difficult>
		<bndbox>
			<xmin>484</xmin>
			<ymin>173</ymin>
			<xmax>576</xmax>
			<ymax>260</ymax>
		</bndbox>
	</object>
	<object>
		<name>TIE Fighter</name>
		<pose>Unspecified</pose>
		<truncated>0</truncated>
		<difficult>0</difficult>
		<bndbox>
			<xmin>701</xmin>
			<ymin>234</ymin>
			<xmax>801</xmax>
			<ymax>323</ymax>
		</bndbox>
	</object>
</annotation>
