<annotation>
	<folder>images</folder>
	<filename>videoplayback2807.jpg</filename>
	<path>/home/draget/w251/MIDS_HW8/images/videoplayback2807.jpg</path>
	<source>
		<database>Unknown</database>
	</source>
	<size>
		<width>1000</width>
		<height>563</height>
		<depth>3</depth>
	</size>
	<segmented>0</segmented>
	<object>
		<name>TIE Fighter</name>
		<pose>Unspecified</pose>
		<truncated>0</truncated>
		<difficult>0</difficult>
		<bndbox>
			<xmin>416</xmin>
			<ymin>258</ymin>
			<xmax>477</xmax>
			<ymax>314</ymax>
		</bndbox>
	</object>
	<object>
		<name>TIE Fighter</name>
		<pose>Unspecified</pose>
		<truncated>0</truncated>
		<difficult>0</difficult>
		<bndbox>
			<xmin>654</xmin>
			<ymin>201</ymin>
			<xmax>716</xmax>
			<ymax>264</ymax>
		</bndbox>
	</object>
</annotation>
