<annotation>
	<folder>images</folder>
	<filename>videoplayback0790.jpg</filename>
	<path>/home/draget/w251/MIDS_HW8/images/videoplayback0790.jpg</path>
	<source>
		<database>Unknown</database>
	</source>
	<size>
		<width>1000</width>
		<height>563</height>
		<depth>3</depth>
	</size>
	<segmented>0</segmented>
	<object>
		<name>Millenium Falcon</name>
		<pose>Unspecified</pose>
		<truncated>0</truncated>
		<difficult>0</difficult>
		<bndbox>
			<xmin>264</xmin>
			<ymin>232</ymin>
			<xmax>723</xmax>
			<ymax>354</ymax>
		</bndbox>
	</object>
	<object>
		<name>TIE Fighter</name>
		<pose>Unspecified</pose>
		<truncated>0</truncated>
		<difficult>0</difficult>
		<bndbox>
			<xmin>24</xmin>
			<ymin>185</ymin>
			<xmax>42</xmax>
			<ymax>208</ymax>
		</bndbox>
	</object>
</annotation>
