<annotation>
	<folder>images</folder>
	<filename>videoplayback0084.jpg</filename>
	<path>/home/draget/w251/MIDS_HW8/images/videoplayback0084.jpg</path>
	<source>
		<database>Unknown</database>
	</source>
	<size>
		<width>1000</width>
		<height>563</height>
		<depth>3</depth>
	</size>
	<segmented>0</segmented>
	<object>
		<name>TIE Fighter</name>
		<pose>Unspecified</pose>
		<truncated>0</truncated>
		<difficult>0</difficult>
		<bndbox>
			<xmin>51</xmin>
			<ymin>259</ymin>
			<xmax>63</xmax>
			<ymax>273</ymax>
		</bndbox>
	</object>
	<object>
		<name>TIE Fighter</name>
		<pose>Unspecified</pose>
		<truncated>0</truncated>
		<difficult>0</difficult>
		<bndbox>
			<xmin>73</xmin>
			<ymin>278</ymin>
			<xmax>92</xmax>
			<ymax>290</ymax>
		</bndbox>
	</object>
</annotation>
